level	start	end	color	opacity	title	initiation	in	out	children	parents	prof_uid
1	18225	18251	#22ff00	1.0	__dummy <8>						85
1	18567	18586	#FFC0CB	1.0	ProfTask <10>						7174
1	18693	18696	#FFC0CB	1.0	ProfTask <12>						7176
1	18776	18779	#FFC0CB	1.0	ProfTask <12>						7178
1	27896	27898	#FFC0CB	1.0	ProfTask <16>						7180
1	28510	28512	#FFC0CB	1.0	ProfTask <40>						7182
1	28526	28535	#FFC0CB	1.0	ProfTask <42>						7184
1	28539	28540	#FFC0CB	1.0	ProfTask <42>						7186
1	29037	29039	#FFC0CB	1.0	ProfTask <20>						7188
1	29056	29058	#FFC0CB	1.0	ProfTask <22>						7190
1	82387	82389	#FFC0CB	1.0	ProfTask <44>						7192
1	126644	126646	#FFC0CB	1.0	ProfTask <34>						7194
1	134749	141052	#FFC0CB	1.0	ProfTask <32>						7196
1	141524	141527	#FFC0CB	1.0	ProfTask <22>						7198
1	141558	141560	#FFC0CB	1.0	ProfTask <34>						7200
1	141780	141785	#FFC0CB	1.0	ProfTask <44>						7202
1	141833	141835	#FFC0CB	1.0	ProfTask <42>						7204
1	141857	141858	#FFC0CB	1.0	ProfTask <42>						7206
1	141905	141912	#FFC0CB	1.0	ProfTask <42>						7208
1	141917	141917	#FFC0CB	1.0	ProfTask <42>						7210
1	141925	141926	#FFC0CB	1.0	ProfTask <42>						7212
1	143769	143770	#FFC0CB	1.0	ProfTask <46>						7214
1	143802	143803	#FFC0CB	1.0	ProfTask <58>						7216
1	144007	144008	#FFC0CB	1.0	ProfTask						7218
1	144055	144056	#FFC0CB	1.0	ProfTask						7220
1	144095	144100	#FFC0CB	1.0	ProfTask <58>						7222
1	144114	144115	#FFC0CB	1.0	ProfTask <46>						7224
1	144176	144177	#FFC0CB	1.0	ProfTask						7226
1	159682	159685	#FFC0CB	1.0	ProfTask <84>						7228
1	159872	159873	#FFC0CB	1.0	ProfTask						7230
1	159890	159890	#FFC0CB	1.0	ProfTask						7232
1	159954	159955	#FFC0CB	1.0	ProfTask						7234
1	161443	161445	#FFC0CB	1.0	ProfTask <1>						7236
1	161448	161448	#FFC0CB	1.0	ProfTask <1>						7238
1	161937	161943	#FFC0CB	1.0	ProfTask <84>						7240
1	161952	161953	#FFC0CB	1.0	ProfTask <84>						7242
1	162032	162032	#FFC0CB	1.0	ProfTask <84>						7244
1	162314	162318	#FFC0CB	1.0	ProfTask <84>						7246
1	162453	162453	#FFC0CB	1.0	ProfTask						7248
1	162587	162588	#FFC0CB	1.0	ProfTask <84>						7250
1	162705	162707	#FFC0CB	1.0	ProfTask <76>						7252
1	162721	162722	#FFC0CB	1.0	ProfTask <84>						7254
1	162833	162834	#FFC0CB	1.0	ProfTask <76>						7256
1	162941	162946	#FFC0CB	1.0	ProfTask <76>						7258
1	163001	163002	#FFC0CB	1.0	ProfTask <76>						7260
1	163016	163016	#FFC0CB	1.0	ProfTask <84>						7262
1	163174	163176	#FFC0CB	1.0	ProfTask <76>						7264
1	163280	163282	#FFC0CB	1.0	ProfTask <88>						7266
1	163449	163450	#FFC0CB	1.0	ProfTask <90>						7268
1	164128	164134	#FFC0CB	1.0	ProfTask <3>						7270
1	164144	164145	#FFC0CB	1.0	ProfTask <3>						7272
1	169450	169452	#FFC0CB	1.0	ProfTask <98>						7274
1	169520	169522	#FFC0CB	1.0	ProfTask <98>						7276
1	169962	169963	#FFC0CB	1.0	ProfTask <100>						7278
1	170757	170764	#FFC0CB	1.0	ProfTask <106>						7280
1	172932	172934	#FFC0CB	1.0	ProfTask <118>						7282
1	173423	173424	#FFC0CB	1.0	ProfTask <126>						7284
1	173550	173551	#FFC0CB	1.0	ProfTask <110>						7286
1	173707	173708	#FFC0CB	1.0	ProfTask <126>						7288
1	173901	173907	#FFC0CB	1.0	ProfTask <9>						7290
1	173943	173944	#FFC0CB	1.0	ProfTask <128>						7292
1	174047	174048	#FFC0CB	1.0	ProfTask <130>						7294
1	174252	174253	#FFC0CB	1.0	ProfTask <132>						7296
1	174336	174337	#FFC0CB	1.0	ProfTask <110>						7298
1	174356	174357	#FFC0CB	1.0	ProfTask <130>						7300
1	174392	174397	#FFC0CB	1.0	ProfTask <132>						7302
1	183171	183173	#FFC0CB	1.0	ProfTask <170>						7304
1	183294	183295	#FFC0CB	1.0	ProfTask						7306
1	183326	183327	#FFC0CB	1.0	ProfTask						7308
1	183336	183337	#FFC0CB	1.0	ProfTask						7310
1	183406	183408	#FFC0CB	1.0	ProfTask <170>						7312
1	183726	183727	#FFC0CB	1.0	ProfTask <15>						7314
1	184933	184939	#FFC0CB	1.0	ProfTask <168>						7316
1	185252	185253	#FFC0CB	1.0	ProfTask <168>						7318
1	185998	185999	#FFC0CB	1.0	ProfTask <168>						7320
1	186215	186216	#FFC0CB	1.0	ProfTask <168>						7322
1	186598	186600	#FFC0CB	1.0	ProfTask						7324
1	186888	186888	#FFC0CB	1.0	ProfTask						7326
1	186959	186959	#FFC0CB	1.0	ProfTask						7328
1	187163	187169	#FFC0CB	1.0	ProfTask						7330
1	187250	187252	#FFC0CB	1.0	ProfTask						7332
1	187256	187262	#FFC0CB	1.0	ProfTask						7334
1	188301	188302	#FFC0CB	1.0	ProfTask <134>						7336
1	188371	188373	#FFC0CB	1.0	ProfTask <180>						7338
1	188386	188387	#FFC0CB	1.0	ProfTask <176>						7340
1	193443	193444	#FFC0CB	1.0	ProfTask						7342
1	193597	193598	#FFC0CB	1.0	ProfTask <184>						7344
1	193628	193634	#FFC0CB	1.0	ProfTask <17>						7346
1	194127	194129	#FFC0CB	1.0	ProfTask <182>						7348
1	194137	194138	#FFC0CB	1.0	ProfTask <182>						7350
1	194640	194641	#FFC0CB	1.0	ProfTask <182>						7352
1	194767	194768	#FFC0CB	1.0	ProfTask <182>						7354
1	194855	194857	#FFC0CB	1.0	ProfTask <174>						7356
1	194865	194871	#FFC0CB	1.0	ProfTask <174>						7358
1	194938	194940	#FFC0CB	1.0	ProfTask <174>						7360
1	194952	194953	#FFC0CB	1.0	ProfTask <186>						7362
1	195107	195109	#FFC0CB	1.0	ProfTask <186>						7364
1	199219	199221	#FFC0CB	1.0	ProfTask <198>						7366
1	199276	199277	#FFC0CB	1.0	ProfTask <198>						7368
1	201035	201041	#FFC0CB	1.0	ProfTask <218>						7370
1	201104	201106	#FFC0CB	1.0	ProfTask <212>						7372
1	201322	201324	#FFC0CB	1.0	ProfTask <214>						7374
1	201472	201473	#FFC0CB	1.0	ProfTask <210>						7376
1	202615	202616	#FFC0CB	1.0	ProfTask <230>						7378
1	202622	202622	#FFC0CB	1.0	ProfTask <230>						7380
1	205781	205788	#FFC0CB	1.0	ProfTask <25>						7382
1	206696	206697	#FFC0CB	1.0	ProfTask <234>						7384
1	206984	206986	#FFC0CB	1.0	ProfTask <236>						7386
1	207010	207012	#FFC0CB	1.0	ProfTask <234>						7388
1	207025	207026	#FFC0CB	1.0	ProfTask <234>						7390
1	207265	207517	#FFC0CB	1.0	ProfTask <234>						7392
1	208152	208153	#FFC0CB	1.0	ProfTask <238>						7394
1	208913	208915	#FFC0CB	1.0	ProfTask <27>						7396
1	212348	212349	#FFC0CB	1.0	ProfTask <250>						7398
1	212662	212667	#FFC0CB	1.0	ProfTask <252>						7400
1	212890	212891	#FFC0CB	1.0	ProfTask <256>						7402
1	212940	212941	#FFC0CB	1.0	ProfTask <256>						7404
1	214339	214341	#FFC0CB	1.0	ProfTask <262>						7406
1	214489	214490	#FFC0CB	1.0	ProfTask <262>						7408
1	215457	215458	#FFC0CB	1.0	ProfTask <282>						7410
1	215462	215463	#FFC0CB	1.0	ProfTask <282>						7412
1	218594	218603	#FFC0CB	1.0	ProfTask <33>						7414
1	219823	219825	#FFC0CB	1.0	ProfTask <288>						7416
1	220132	220133	#FFC0CB	1.0	ProfTask <286>						7418
1	220645	220646	#FFC0CB	1.0	ProfTask						7420
1	220673	220675	#FFC0CB	1.0	ProfTask						7422
1	220918	220920	#FFC0CB	1.0	ProfTask						7424
1	223201	223208	#FFC0CB	1.0	ProfTask <296>						7426
1	226339	226340	#FFC0CB	1.0	ProfTask <312>						7428
1	231589	231592	#FFC0CB	1.0	ProfTask <2>						7430
1	231782	231783	#FFC0CB	1.0	ProfTask <2>						7432
1	231848	231849	#FFC0CB	1.0	ProfTask <322>						7434
1	231868	231875	#FFC0CB	1.0	ProfTask <322>						7436
1	231924	231925	#FFC0CB	1.0	ProfTask <322>						7438
1	232351	232352	#FFC0CB	1.0	ProfTask <322>						7440
1	232374	232375	#FFC0CB	1.0	ProfTask <322>						7442
1	232413	232414	#FFC0CB	1.0	ProfTask <322>						7444
1	232479	232485	#FFC0CB	1.0	ProfTask <322>						7446
1	232551	232553	#FFC0CB	1.0	ProfTask <322>						7448
1	232582	232583	#FFC0CB	1.0	ProfTask <322>						7450
1	232728	232729	#FFC0CB	1.0	ProfTask <322>						7452
1	236026	236028	#FFC0CB	1.0	ProfTask						7454
1	237286	237287	#FFC0CB	1.0	ProfTask						7456
1	238087	238092	#FFC0CB	1.0	ProfTask						7458
1	240587	240589	#FFC0CB	1.0	ProfTask						7460
1	240619	240620	#FFC0CB	1.0	ProfTask						7462
1	240669	240670	#FFC0CB	1.0	ProfTask						7464
